Prenom,Nom,Mot de passe,Identifiant
Alexis,Martin,Jb5ey7C8rkBW,alexis.martin2453
Alexis,Bertrand,CDesrQYC6FLZ,alexis.bertrand1084
Tom,Vincent,p6dHIkkA0jyk,tom.vincent4159
Louis,Durand,%d7OcVVmL8JA,louis.durand7634
Hugo,Moreau,Or%Cp7Vi%fP2,hugo.moreau7285
Maxime,Durand,hAfZl3fwv7TO,maxime.durand1062
Arthur,Lefebvre,X44uF!u&tKAA,arthur.lefebvre8307
Paul,Petit,YpXloZXJ!eh8,paul.petit8436
Louis,Moreau,DAL3#FfS$2k!,louis.moreau4977
Théo,Vincent,hYLPfhR2TDQD,théo.vincent1929
Ethan,Bernard,pktSWY&QwhVP,ethan.bernard7336
Mathis,Dubois,6dOcFoVc1KWH,mathis.dubois7804
Gabriel,Bertrand,xHyoCu0TP8JD,gabriel.bertrand2789
Léo,David,!BIcjB#j&cGW,léo.david8677
Nolan,Dubois,GRhdqOlzdUoC,nolan.dubois7922
Jules,Lefebvre,5q%2N0#6OX#A,jules.lefebvre8789
Arthur,Roux,!dK&!fqr4szK,arthur.roux1606
Jules,Robert,vmN2LnTuJACS,jules.robert9901
Enzo,Michel,XaSNQDgd7tV#,enzo.michel8044
Hugo,Michel,kZsgPaExTP3X,hugo.michel9878
Tom,Petit,NoTkR3W#5Jx7,tom.petit7164
Nathan,Bertrand,*zUHXNTQ781A,nathan.bertrand7631
Enzo,Martin,vdUg$&gzFtIT,enzo.martin6675
Alexis,Leroy,8xARIWkJkMu3,alexis.leroy5791
Maxime,Moreau,G7CmK4JOkjf$,maxime.moreau4233
Louis,Martin,jTrL$5GP0ion,louis.martin2707
Sacha,Thomas,Fid7c7XkNvtk,sacha.thomas1521
Arthur,Dubois,CGUJ3gkLUcXg,arthur.dubois3732
Nathan,Laurent,POM7rP0gEN08,nathan.laurent2665
Lucas,Dubois,DZf1y2Q@69hR,lucas.dubois6280
Gabriel,Vincent,nEMBG9HOl7uE,gabriel.vincent1157
Alexis,Bertrand,YRm#%f9m&Seh,alexis.bertrand8227
Jules,Bertrand,mMOHDZ1VKGTc,jules.bertrand2351
Nolan,Martin,cJb$kLyT88Oz,nolan.martin4663
Nathan,Leroy,Q&W*iK8q8IRO,nathan.leroy3263
Hugo,David,AWl##D5crp5F,hugo.david4504
Tom,Garcia,6vyIWETb04Ow,tom.garcia1336
Théo,Garcia,@V20!D9YNlr8,théo.garcia6063
Théo,Richard,GlQOAb1QL03M,théo.richard5521
Alexis,David,7i7pTTdwY#Qb,alexis.david5379
