Numero,Prenom,Nom,Mot de passe,Identifiant
1,Lucas,Durand,GQAyziMlOggf,lucas.durand4077
2,Sacha,Garcia,K9Z%ksOGjkdS,sacha.garcia7507
3,Enzo,Richard,k8$!2fAwy%EM,enzo.richard7031
4,Theo,David,$eCna#IVaSxd,theo.david4031
5,Nathan,Bertrand,n6524F8MNkca,nathan.bertrand2200
6,Leo,Simon,82#Qygir4xXZ,leo.simon6439
7,Enzo,Laurent,X#ppqm9F#rFU,enzo.laurent3450
8,Nolan,Leroy,*O03OemN4@sq,nolan.leroy1219
9,Hugo,Martin,#EKgtpRLxGZz,hugo.martin1586
10,Sacha,Fournier,CCcYnDRtwU5m,sacha.fournier8649
11,Maxime,Lefebvre,3I9vGhv4%Xrv,maxime.lefebvre4716
12,Arthur,Michel,DB7RczLh3Ysn,arthur.michel7313
13,Arthur,Vincent,sUAOao%MWkZU,arthur.vincent2335
14,Alexis,Bernard,%9shLzzX$qoq,alexis.bernard1576
15,Lucas,Garcia,vTC$wE1FT%tI,lucas.garcia5615
16,Theo,Petit,uCTaaSBvFWhj,theo.petit8112
17,Paul,Martin,rRxLva2XsvqG,paul.martin7257
18,Sacha,Roux,LH7E*oQ&3Xvt,sacha.roux9204
19,Mathis,Robert,!RCFvMSF3m2j,mathis.robert1056
20,Nathan,Michel,UQYF@wTpQAOV,nathan.michel6632
21,Enzo,Garcia,jUbZMZjQc%TW,enzo.garcia2036
22,Hugo,Leroy,HyvYSm7dhPHz,hugo.leroy9233
23,Nolan,Martin,sz3PFU5L*!Cm,nolan.martin8676
24,Maxime,Fournier,hhVoEiOVN2jn,maxime.fournier2026
25,Paul,Martin,Cl0#DQmyGZQl,paul.martin7376
26,Paul,Dubois,K8Rh3zEgfbg@,paul.dubois6541
27,Enzo,Petit,UNRJsidc%#xL,enzo.petit8039
28,Ethan,Fournier,wtQLPjk362bq,ethan.fournier4826
29,Maxime,Moreau,8!@fQoxd$WnR,maxime.moreau1498
30,Louis,Michel,$HC#&y0p!GmX,louis.michel5079
31,Mathis,David,FAhsV85evULr,mathis.david8891
32,Alexis,Bertrand,gF$OGgEgvDPr,alexis.bertrand6933
33,Mathis,Martin,a7BsZYklZZUp,mathis.martin9384
34,Ethan,Leroy,72!&rj2XWMDS,ethan.leroy9312
35,Mathis,Martin,Bk6c%OFCApt3,mathis.martin5823
36,Nolan,Petit,CN!Llc6TyW42,nolan.petit3352
37,Jules,Thomas,2HZ#RrmTN6f2,jules.thomas9303
38,Theo,Bertrand,BL5UMSELk8l%,theo.bertrand2707
39,Adam,Petit,Uj%U6t!cpTZw,adam.petit7797
40,Noah,Moreau,I8mO7MhSslIL,noah.moreau1671
